{"cameraMode":{"drawMode":0,"name":"Shaded","section":"Shading Mode"},"sceneLighting":true,"audioPlay":false,"sceneViewState":{"m_AlwaysRefresh":false,"showFog":true,"showSkybox":true,"showFlares":true,"showImageEffects":true,"showParticleSystems":true,"showVisualEffectGraphs":true,"m_FxEnabled":true},"in2DMode":false,"pivot":{"x":2.6083145141601564,"y":6.0587310791015629,"z":3.223703384399414},"rotation":{"x":0.11468102782964707,"y":0.8601151704788208,"z":-0.22174079716205598,"w":0.4448387324810028},"size":20.76104164123535,"orthographic":false}