{"cameraMode":{"drawMode":0,"name":"Shaded","section":"Shading Mode"},"sceneLighting":false,"audioPlay":false,"sceneViewState":{"m_AlwaysRefresh":false,"showFog":true,"showSkybox":false,"showFlares":true,"showImageEffects":true,"showParticleSystems":true,"showVisualEffectGraphs":true,"m_FxEnabled":true},"in2DMode":false,"pivot":{"x":5.960464477539063e-8,"y":8.940696716308594e-8,"z":2.9802322387695315e-8},"rotation":{"x":-0.029082030057907106,"y":0.03298027440905571,"z":0.0009631719440221787,"w":0.9990384578704834},"size":2.001274824142456,"orthographic":true}